Epoch,Train Loss,Test Loss,DR Train Acc,DME Train Acc,Joint Train Acc,DR Test Acc,DME Test Acc,Joint Test Acc
1,2.0006428406788754,6.446776747703552,48.6682808716707,73.36561743341404,39.22518159806295,40.77669902912621,59.22330097087379,38.83495145631068
2,1.5530914343320406,2.8011418879032135,56.65859564164649,80.87167070217917,49.39467312348668,48.54368932038835,69.90291262135922,44.66019417475728
3,1.4530934462180505,3.804983377456665,60.04842615012107,80.62953995157385,51.08958837772397,34.95145631067961,65.04854368932038,28.155339805825243
4,1.1955479841965895,2.507238268852234,68.28087167070218,84.98789346246973,59.07990314769976,37.86407766990291,70.87378640776699,32.03883495145631
5,1.1523587887103741,2.0183740854263306,64.16464891041163,85.95641646489103,54.9636803874092,48.54368932038835,75.72815533980582,41.74757281553398
